{"ip": "192.168.43.100", "port": 6666, "plate_color": [0.17777777777777778, 0.5490196078431373, 0.7843137254901961], "plate_size": 20, "debug": false, "showing": true, "food_thre": 0.25, "background_thre": 0.4}